time,Airliner_x,Airliner_y,Airliner_z,Airliner_lat,Airliner_lon,Airliner_alt,Airliner_vx,Airliner_vy,Airliner_vz
0.0,-2708532.6603689445,-4272083.633670272,3872068.947605397,37.61929999999999,-122.375,14.0,39.22202398667154,61.86366854782638,95.05008862801569
0.9999999999999999,-2708493.741037243,-4272022.257087991,3872168.6883670785,37.62041150384294,-122.37499994141477,17.318663150072098,38.69098956657663,61.00711942076862,103.83474873109135
2.0000000000000004,-2708455.1437125104,-4271961.406425129,3872275.6498989584,37.62157114490845,-122.37499977348311,25.535967158153653,38.557767864867394,60.77978620599989,109.70930525160018
3.0000000000000013,-2708416.53956172,-4271900.561541389,3872387.4869118165,37.62276556844632,-122.37499950519087,36.73313156887889,38.681314132176176,60.958718434009654,113.71926818247043
4.000000000000002,-2708377.737006053,-4271839.419100978,3872502.6828734814,37.62398592381861,-122.37499914359715,49.70043335109949,38.93753439022491,61.34800276563939,116.51047002580768
4.999999999999998,-2708338.648270646,-4271777.839598047,3872620.2373018004,37.625225977042554,-122.37499869513528,63.696726370602846,39.24315955962165,61.816259408762114,118.48912741823149
5.999999999999995,-2708299.2506626076,-4271715.786188311,3872739.477174129,37.62648116282275,-122.37499816617931,78.2769957864657,39.54953918907673,62.2867661114892,119.91561826192935
6.999999999999991,-2708259.557464995,-4271653.27875004,3872859.9411200965,37.62774805704828,-122.37499756323226,93.17860150244087,39.83164654264334,62.72007439889629,120.95984106751946
7.999999999999988,-2708219.5991095323,-4271590.364185525,3872981.306992996,37.62902405322059,-122.37499689294307,108.2492213100195,40.078949690631966,63.09959367214901,121.73459631252332
8.999999999999984,-2708179.412045042,-4271527.098871057,3873103.3458375973,37.630307148204984,-122.37499616206189,123.40229565184563,40.28912597058479,63.421672355374575,122.31610246024492
9.99999999999998,-2708139.032667116,-4271463.539091529,3873225.892196739,37.631595792611385,-122.3749953773842,138.5899324947968,40.46410641236995,63.68935952345088,122.75679280660543
10.999999999999977,-2708098.4943417977,-4271399.736353302,3873348.82466799,37.632888782564834,-122.37499454570673,153.7866435907781,40.60773290246233,63.908712297431094,123.09339548400654
11.999999999999973,-2708057.8262167666,-4271335.73551345,3873472.052967043,37.63418517957064,-122.37499367380109,168.97969403956085,40.724445358601315,64.0867282763518,123.35209506172316
12.99999999999997,-2708017.0530060013,-4271271.574441417,3873595.5091714603,37.6354842502304,-122.37499276840587,184.1634410461411,40.81859417207674,64.23026396963982,123.55187155706051
13.999999999999966,-2707976.1952630933,-4271207.284448707,3873719.141686177,37.636785420376256,-122.37499183623524,199.3360547469929,40.894116978426396,64.34552748490614,123.70669140173977
14.999999999999963,-2707935.269865907,-4271142.89104959,3873842.9110080698,37.63808823988461,-122.37499088400142,214.49764797464013,40.954418939137135,64.43789186092853,123.82696837274771
15.99999999999996,-2707894.2905612057,-4271078.414814357,3873966.7866999027,37.63939235551415,-122.37498991844974,229.6492314087227,41.00236066785855,64.51187797008429,123.92055501554137
16.99999999999997,-2707853.268491878,-4271013.872193211,3874090.745192071,37.64069748983883,-122.3749889464054,244.79214682709426,41.040298350630756,64.5712196954508,123.99342799239707
17.999999999999986,-2707812.212671619,-4270949.276255356,3874214.76816161,37.64200342484925,-122.37498797483153,259.92777362279594,41.07014503402657,64.61896262937154,124.05017073068196
19.0,-2707771.130395089,-4270884.637324111,3874338.841321213,37.64330998915274,-122.37498701090111,275.0573885794729,41.093436457381536,64.65757027957454,124.09431945436182
20.000000000000014,-2707730.0275836843,-4270819.963507834,3874462.953504546,37.64461704796154,-122.37498606208452,290.1821094546467,41.11139308704888,64.68902487423095,124.12861540139691
21.00000000000003,-2707688.90907286,-4270755.2611352755,3874587.095969069,37.64592449524919,-122.37498513625782,305.3028825642541,41.12497462432254,64.71491721353937,124.15519138375889
22.000000000000043,-2707647.778849302,-4270690.535107295,3874711.261860748,37.64723224759842,-122.37498424183845,320.4204919496551,41.13492570316408,64.73652400839075,124.17571153979387
23.000000000000057,-2707606.640246881,-4270625.789177343,3874835.445800666,37.6485402393711,-122.37498338795866,335.53557779546827,41.14181266177779,64.75487322331063,124.19147713815448
24.00000000000007,-2707565.4961101855,-4270561.026171981,3874959.643564328,37.64984841891383,-122.37498258469282,350.64865753799677,41.14605167100414,64.7707989766845,124.20350737589888
25.000000000000085,-2707524.3489341578,-4270496.248160861,3875083.851831977,37.65115674557523,-122.37498184336214,365.7601464036852,41.147928381798565,64.78498808021709,124.21260150999302
26.0000000000001,-2707483.200988468,-4270431.456583329,3875208.067993686,37.65246518736076,-122.37498117695708,380.8703758455813,41.147608665437,64.79802069834537,124.219386894959
27.000000000000114,-2707442.054436218,-4270366.652336067,3875332.2899968773,37.65377371908784,-122.37498060074167,395.9796094484627,41.145138775407474,64.81040821637832,124.22435627831653
28.000000000000128,-2707400.911459366,-4270301.8358224975,3875456.5162268295,37.655082320934234,-122.37498013315422,411.0880562039092,41.140430745451226,64.82263273698311,124.2278968436316
29.000000000000142,-2707359.774409786,-4270237.006958932,3875580.7454129043,37.65639097729549,-122.37497979721607,426.1958814468235,41.13322338872079,64.83519580150069,124.23031286619738
30.000000000000156,-2707318.6460201107,-4270172.165121424,3875704.976554839,37.65769967588479,-122.37497962287219,441.30321571975946,41.12299612673174,64.84869198765327,124.231843379225
31.00000000000017,-2707277.529746152,-4270107.308992349,3875829.2088646432,37.659008407022604,-122.37497965119998,456.4101618817076,41.10877674989935,64.86394567128387,124.23267586255214
32.000000000000185,-2707236.43041858,-4270042.436197791,3875953.441720463,37.66031716307258,-122.37497994284759,471.5168007770553,41.0886660616947,64.88232380104384,124.2329565334289
33.0000000000002,-2707195.3557450883,-4269977.542396122,3876077.674628943,37.66162593798266,-122.37498059794328,486.623195623979,41.05840502803466,64.90665197420174,124.23279678648653
34.00000000000021,-2707154.3209664375,-4269912.618362911,3876201.907190064,37.66293472686291,-122.37498181835181,501.7293952209875,41.00507383163669,64.94520742769663,124.23226901518859
35.00000000000023,-2707113.3801670363,-4269847.630219194,3876326.1390118226,37.664243525007905,-122.37498432734745,516.835434907116,40.81088053583497,65.07251842139807,124.231180321254
36.00000000000024,-2707076.050808223,-4269780.4159657,3876450.2949496675,37.665551479916246,-122.3750349122106,531.9409245280549,33.183153835316496,69.69906502054015,123.99427081551873
37.000000000000256,-2707047.1085722516,-4269708.329146061,3876573.9545451086,37.66685381989942,-122.37519534620455,547.0439035398886,24.67459963348581,74.41308593836045,123.23868080973615
38.00000000000027,-2707026.7487908276,-4269631.716304616,3876696.6005182727,37.66814466864353,-122.37546540087612,562.1427551517263,16.0245500374289,78.7476352018201,121.96778083332113
39.000000000000284,-2707015.0938819475,-4269550.967054356,3876817.720169821,37.66941819695296,-122.37584388829696,577.2365343179554,7.271314179138991,82.6827141175208,120.18714247378102
40.0000000000003,-2707012.2275380623,-4269466.490136554,3876936.807438974,37.67066864797211,-122.37632913345003,592.3247112249956,-1.5460126106465857,86.2000826020864,117.90448543998006
41.00000000000031,-2707018.1940741604,-4269378.711611083,3877053.3650841056,37.67189036309285,-122.3769189788601,607.4070177022368,-10.387811765422414,89.28335912685547,115.12973301557638
42.00000000000033,-2707032.998024113,-4269288.072953121,3877166.906893851,37.67307780778875,-122.37761079217748,622.4833550294861,-19.214177146041255,91.9181082345363,111.87502093678155
43.00000000000034,-2707056.60396346,-4269195.029067979,3877276.9598905556,37.67422559711306,-122.37840147643692,637.5537383370101,-27.98513353473755,94.0919169731282,108.15467509863552
44.000000000000355,-2707088.9365448086,-4269100.046234758,3877383.066499749,37.675328520663086,-122.37928748279627,652.618262887001,-36.660844127398455,95.7944608788008,103.98516699132253
45.00000000000037,-2707129.8807367953,-4269003.599989119,3877484.78666618,37.676381566850296,-122.38026482560728,667.677083327435,-45.20181061886679,97.01755971366873,99.38505204363247
46.000000000000384,-2707179.2822602964,-4268906.17295548,3877581.6999009885,37.67737994633593,-122.38132909969765,682.7304007308558,-53.56906781432959,97.75522292558908,94.37489393686312
47.0000000000004,-2707236.948216906,-4268808.252638934,3877673.407246994,37.67831911450543,-122.38247549975424,697.7784542553127,-61.724373632520724,98.00368467696943,88.97717677038447
48.00000000000041,-2707302.647905212,-4268710.329187436,3877759.5331506077,37.67919479286253,-122.38369884170228,712.8215154940262,-69.63039468590873,97.76142824322099,83.21620631506083
49.000000000000426,-2707376.1138203507,-4268612.893135005,3877839.727229929,37.68000298923152,-122.38499358597234,727.8598844707012,-77.25088719118405,97.02919958187798,77.11800125376155
50.00000000000044,-2707457.0428319317,-4268516.433136827,3877913.665929381,37.680740016661204,-122.38635386254163,742.8938865391538,-84.55087269403192,95.81000990258343,70.71017514707165
51.000000000000455,-2707545.097534817,-4268421.433707354,3877981.054051961,37.68140251093114,-122.38777349762998,757.9238698054105,-91.49680793021506,94.10912711417413,64.02180980016054
52.00000000000047,-2707639.9077665107,-4268328.372972535,3878041.6261608386,37.681987446566374,-122.38924604192206,772.9502028692514,-98.0567480503588,91.93405608434294,57.08332069961753
53.00000000000048,-2707741.0722841136,-4268237.720447399,3878095.147842709,37.68249215127471,-122.39076480017943,787.9732726635411,-104.20050239087844,89.29450771252812,49.926315211158645
54.0000000000005,-2707848.1605929784,-4268149.934850113,3878141.4168260223,37.68291431872777,-122.39232286209862,802.9934823838994,-109.89978196229515,86.20235688501593,42.58344426519224
55.00000000000051,-2707960.714918366,-4268065.461963613,3878180.2639479684,37.683252019615466,-122.39391313426272,818.0112494211644,-115.12833783542337,82.67158945527444,35.08824829934093
56.000000000000526,-2708078.252310615,-4267984.732555627,3878211.553964864,37.683503710913,-122.39552837302853,833.0270032826811,-119.8620896370261,78.71823846408236,27.474998268917993
57.00000000000054,-2708200.2668735357,-4267908.160367766,3878235.1862014416,37.68366824330795,-122.39716121818353,848.0411834791303,-124.07924340857055,74.360309888468,19.77853257578706
58.000000000000554,-2708326.2321050665,-4267836.140183936,3878251.0950353867,37.68374486674598,-122.39880422720358,863.0542373992503,-127.76039813786802,69.61769827848545,12.034090800028434
59.00000000000057,-2708455.60333853,-4267769.045988003,3878259.2502143923,37.68373323406335,-122.40044990993687,878.0666181445122,-130.8886403352759,64.51209271376966,4.277145147444152
60.00000000000058,-2708587.8202722454,-4267707.229220133,3878259.6570039107,37.683633402685395,-122.4020907635372,893.0787823460996,-133.44962610041915,59.06687357500134,-3.4567694536239197
61.0000000000006,-2708722.309296212,-4267651.01641449,3878252.356254027,37.68344583921604,-122.40371930921354,908.0906391758472,-135.42611238233468,53.32154093401932,-11.130445457854623
62.00000000000061,-2708858.3750695665,-4267600.37371014,3878237.4612159794,37.68317356166177,-122.40532909270156,922.8539102403447,-136.55960460002868,48.105610989218334,-18.624320126068866
63.000000000000625,-2708995.1893396857,-4267554.59593044,3878215.166300446,37.68282368021573,-122.40691646666018,936.6649995474145,-136.97095782472792,43.51783016160835,-25.941319233855562
64.00000000000064,-2709132.147989916,-4267513.257001225,3878185.620810234,37.68240102433621,-122.40847823460278,949.0742796584964,-136.8724944773859,39.17505547827353,-33.13083070634394
65.00000000000058,-2709268.7986188307,-4267476.253787932,3878148.940671902,37.68190823634772,-122.41001069098877,959.8918388616294,-136.36517481636133,34.81091210941402,-40.21160065905979
66.00000000000053,-2709404.7543991297,-4267443.700724314,3878105.2349889833,37.68134670495814,-122.41150943659177,969.0967707103118,-135.48503709066836,30.25288038779136,-47.17976548787841
67.00000000000047,-2709539.6443293095,-4267415.846968454,3878054.625151314,37.68071723355387,-122.41296940551429,976.7723993444815,-134.23132812201897,25.40072747468543,-54.01561261829104
68.00000000000041,-2709673.0859734383,-4267393.013561217,3877997.257893625,37.68002050596832,-122.41438498604037,983.0607089018449,-132.58426909686253,20.20819565075076,-60.68894906473204
69.00000000000036,-2709804.672592367,-4267375.547150433,3877933.3135862807,37.67925739874101,-122.41575017866187,988.131031351164,-130.5165491436022,14.668151249596711,-67.16331015955564
70.0000000000003,-2709933.969584376,-4267363.786975409,3877863.0108006056,37.67842917766708,-122.4170587626825,992.1592661757022,-128.0007122733323,8.80083945011087,-73.39923296313731
71.00000000000024,-2710060.5168025806,-4267358.042244538,3877786.6079997257,37.67753760816851,-122.41830445593769,995.314780398272,-125.0136852110721,2.644764059982503,-79.35675322808858
72.00000000000018,-2710183.834322328,-4267358.57751453,3877704.4030719837,37.676585002883854,-122.41948105891449,997.7528001107275,-121.53926280558532,-3.7502662279800343,-84.99723980084899
73.00000000000013,-2710303.4299294394,-4267365.60410932,3877616.7313208394,37.67557422508264,-122.42058257862895,999.6106243692338,-117.56915135466969,-10.32832382404901,-90.28466258235765
74.00000000000007,-2710418.8071306776,-4267379.275985259,3877523.9624308725,37.67450866255864,-122.42160333046306,1001.0064060017467,-113.10303837105698,-17.031120355805378,-95.18638794114786
75.00000000000001,-2710529.4729041336,-4267399.688763739,3877426.496834836,37.67339218329015,-122.4225380182401,1002.039572654292,-108.14805583556998,-23.80062766176238,-99.67359697839953
75.99999999999996,-2710634.944729085,-4267426.880922128,3877324.7618117183,37.67222908127366,-122.42338179426227,1002.7922201361507,-102.71791513432005,-30.580811415290555,-103.72142027974837
76.9999999999999,-2710734.756672743,-4267460.836365199,3877219.2075553625,37.671024018514686,-122.42413030190772,1003.3310102866963,-96.83191303211345,-37.318690818817245,-107.30887544365395
77.99999999999984,-2710828.4644760964,-4267501.487795621,3877110.3033726662,37.66978196718531,-122.4247797037688,1003.7092574751005,-90.51394098749421,-43.96490390910989,-110.41868149159333
78.99999999999979,-2710915.649685416,-4267548.720465361,3876998.5341036133,37.668508154414646,-122.4253266983212,1003.969000454992,-83.79157652274156,-50.47392583769581,-113.03700933031328
79.99999999999973,-2710995.9229336088,-4267602.376021984,3876884.396803961,37.667208011026275,-122.42576852786252,1004.1429375568405,-76.69529538485494,-56.804057401881835,-115.1532119844111
80.99999999999967,-2711068.9264996243,-4267662.256267227,3876768.397694999,37.66588712472574,-122.42610298005975,1004.2561602750793,-69.25781561360321,-62.9172738665105,-116.75956408911638
81.99999999999962,-2711134.336275744,-4267728.126723105,3876651.0493614413,37.66455119770724,-122.42632838498889,1004.3276587259024,-61.51356725247018,-68.77900042155457,-117.85102817525578
82.99999999999956,-2711191.863261046,-4267799.719956933,3876532.8681658995,37.66320600833144,-122.42644360909624,1004.3715973990038,-53.49827189502964,-74.35786083404604,-118.42505600719514
83.9999999999995,-2711241.2546811257,-4267876.738654959,3876414.371843604,37.661857376368246,-122.42644804710577,1004.3983745398,-45.24861227142403,-79.6254300057255,-118.4814265984042
84.99999999999945,-2711282.294813965,-4267958.858458665,3876296.077241773,37.660511131249145,-122.42634161255367,1004.4154867194593,-36.801971719791084,-84.55600896911213,-118.0221182015747
85.99999999999939,-2711314.8055824363,-4268045.730591555,3876178.4981721146,37.6591730827966,-122.4261247273632,1004.4282235335559,-28.196225159063633,-89.12643189484929,-117.05120909824544
86.99999999999933,-2711338.6469569122,-4268136.984310535,3876062.1433507293,37.65784899395971,-122.42579831067039,1004.4402179885656,-19.46956600161804,-93.31590841039805,-115.57480092139218
87.99999999999928,-2711353.7171974564,-4268232.229217044,3875947.514406113,37.656544555168004,-122.42536376697188,1004.4538767188787,-10.660356598909608,-97.10590038585525,-113.60095811221768
88.99999999999922,-2711359.9529541936,-4268331.0574608585,3875835.1039421363,37.65526536000114,-122.42482297357476,1004.4707119548693,-1.8069928545003298,-100.48002982931791,-111.13965758323275
89.99999999999916,-2711357.329236502,-4268433.045865425,3875725.393648436,37.65401688195474,-122.42417826727679,1004.4915943806991,7.052223673097732,-103.42401321046296,-108.20274346356145
90.9999999999991,-2711345.8592561167,-4268537.757998576,3875618.8524553017,37.65280445215513,-122.42343243018306,1004.5169432153925,15.87921062129869,-105.92561703384814,-104.80388274806523
91.99999999999905,-2711325.5941457264,-4268644.746207298,3875515.9347338476,37.65163323793634,-122.42258867456168,1004.5468671284616,24.636229308706127,-107.97462953506235,-100.95851862577813
92.99999999999899,-2711296.6225526626,-4268753.5536302375,3875417.078545023,37.65050822224173,-122.421650626654,1004.5812671650201,33.28601020884662,-109.5628437600629,-96.68381914373484
93.99999999999893,-2711259.070106419,-4268863.716197228,3875322.703942978,37.64943418384957,-122.42062230937121,1004.6199106676504,41.791879812831795,-110.68404785046711,-91.99861963292135
94.99999999999888,-2711213.0987586994,-4268974.764621187,3875233.211339532,37.64841567844848,-122.41950812383386,1004.6624834081158,50.117888636493525,-111.33401899661547,-86.92335795821135
95.99999999999882,-2711158.90599515,-4269086.226384573,3875148.979937187,37.647457020607646,-122.41831282973347,1004.7086255028844,58.2289397194583,-111.51051815609502,-81.48000216425167
96.99999999999876,-2711096.7239186983,-4269197.627719958,3875070.3662383156,37.64656226669745,-122.41704152451898,1004.7579555027187,66.09091673770321,-111.21328323484715,-75.69197047231488
97.9999999999987,-2711026.818205391,-4269308.495582242,3874997.702638095,37.64573519882265,-122.41569962143132,1004.810085975565,73.67081075137048,-110.44401895801983,-69.58404386680051
98.99999999999865,-2710949.4869345697,-4269418.359608537,3874931.296108378,37.64497930983131,-122.4142928264282,1004.8646331196651,80.93684459794706,-109.20638211380815,-63.18227170657748
99.9999999999986,-2710865.0592962364,-4269526.754060555,3874871.4269792177,37.64429778946242,-122.41282711405714,1004.9212222350761,87.85859398641688,-107.50596123583207,-56.51387091899126
100.99999999999854,-2710773.8941793377,-4269633.219743644,3874818.347824137,37.64369351169075,-122.41130870234748,1004.9794904906303,94.40710442343158,-105.35025009667804,-49.60711941131469
101.99999999999848,-2710676.3786455295,-4269737.30589604,3874772.2824546057,37.64316902332358,-122.4097440268034,1005.0390879064798,100.5550031953835,-102.74861463195762,-42.49124436688186
102.99999999999842,-2710572.926293726,-4269838.572041688,3874733.425028496,37.64272653389799,-122.40813971358715,1005.0996773205698,106.27660572637265,-99.71225310525985,-35.196306098695985
103.99999999999837,-2710463.97552135,-4269936.589799806,3874701.9392766273,37.64236790692137,-122.40650255199039,1005.1609337655827,111.54801572426264,-96.25414946861224,-27.753078126578718
104.99999999999831,-2710349.98768875,-4270030.944644449,3874677.957850854,37.642094652491515,-122.40483946629361,1005.2225436167791,116.34721861326764,-92.38901998383953,-20.192924114797375
105.99999999999825,-2710231.4451937317,-4270121.237607368,3874661.58179653,37.64190792132682,-122.40315748712,1005.2842036923394,120.65416782624145,-88.13325324818385,-12.547672285190796
106.9999999999982,-2710108.8494635127,-4270207.08691769,3874652.880151579,37.641808500230155,-122.40146372239056,1005.3456204794347,124.4508635960345,-83.50484382584456,-4.84948789027066
107.99999999999814,-2709982.718871765,-4270288.129572119,3874651.889673827,37.64179680900506,-122.39976532799002,1005.4065094850957,127.72142394118754,-78.52331972880354,2.8692557031299586
108.99999999999808,-2709853.586588691,-4270364.02282967,3874658.6146977223,37.641872898835985,-122.39806947825407,1005.466594800353,130.45214758818474,-73.20966401797688,10.576106789440926
109.99999999999802,-2709721.998372295,-4270434.445625176,3874673.0271210587,37.64203645213994,-122.39638333638851,1005.5256088646129,132.63156861244966,-67.58623081705315,18.23866545700217
110.99999999999797,-2709588.510309233,-4270499.099896138,3874695.0665218025,37.64228678389039,-122.39471402493133,1005.5832924144343,134.25050261371644,-61.67665604582661,25.824713594664217
111.99999999999791,-2709453.6865137895,-4270557.711817816,3874724.640404666,37.64262284440975,-122.39306859636832,1005.639394601807,135.30208427051275,-55.505763190994074,33.30234430476995
112.99999999999785,-2709318.0967936595,-4270610.03294173,3874761.6245766096,37.64304322362155,-122.39145400401235,1005.6936732558534,135.7817961431478,-49.09946444165742,40.64009027138397
113.9999999999978,-2709182.3139746846,-4270655.847434049,3874805.8570384774,37.64354608171194,-122.38987703259511,1005.7458691354841,135.69007762955144,-42.527821310882175,47.76130246684633
114.99999999999774,-2709046.88781693,-4270695.169447287,3874856.938913294,37.64412688898921,-122.3883428511045,1005.7950292630121,135.08500528968924,-36.1605420619724,54.29996555136299
115.99999999999768,-2708912.2843746482,-4270728.252904515,3874914.266740465,37.64477878936528,-122.38685437353703,1005.8400525497273,134.05757903081567,-30.044690852189294,60.269023280886046
116.99999999999763,-2708778.891133046,-4270755.331556971,3874977.3150999537,37.64549580877288,-122.38541388552632,1005.8806768739596,132.67380039764586,-24.145561817097494,65.75342734631505
117.99999999999757,-2708647.0397217036,-4270776.606142616,3875045.6343234116,37.64627283152326,-122.38402333944035,1005.9171315208077,130.9803754405758,-18.43155250992141,70.82077397339131
118.99999999999751,-2708517.0226627244,-4270792.246711332,3875118.8358765915,37.64710543585469,-122.38268450039695,1005.9498696094379,129.0093998107016,-12.872681564605529,75.5263987083441
119.99999999999746,-2708389.106494029,-4270802.393645762,3875196.581864582,37.647989775642124,-122.38139906554106,1005.9794080834836,126.78107556949254,-7.439417453613347,79.91668733214206
120.9999999999974,-2708263.5428683474,-4270807.1575695025,3875278.5772759095,37.648922492786255,-122.38016877072776,1006.0062373317778,124.30511470561035,-2.101594413493989,84.03132881841226
121.99999999999734,-2708140.5787762273,-4270806.618143019,3875364.5641262406,37.64990065090836,-122.37899549559265,1006.030775135383,121.58111239511582,3.1727548595681947,87.90491032942147
122.99999999999729,-2708020.466886066,-4270800.821578966,3875454.316968665,37.650921684403954,-122.37788137753061,1006.0533480485901,118.59792807308425,8.418824704058332,91.56808352515907
123.99999999999723,-2707903.477068051,-4270789.77650977,3875547.6394134387,37.65198335887013,-122.37682894701875,1006.0741889849305,115.33188367910002,13.67695284191314,95.04843217977825
124.99999999999717,-2707789.910502844,-4270773.447548804,3875644.3613935276,37.65308373995935,-122.37584130168688,1006.0934434076771,111.74327892222362,18.995393815834632,98.37109995018392
125.99999999999712,-2707680.1185180214,-4270751.745399351,3875744.3369346606,37.65422116794943,-122.37492234659773,1006.1111790891737,107.77018238868327,24.4345896139988,101.5591595629182
126.99999999999706,-2707574.5298170764,-4270724.511475427,3875847.442109075,37.65539423440644,-122.37407714816844,1006.1273955181241,103.31735965275382,30.074147570834654,104.63356514123517
127.999999999997,-2707473.69296966,-4270691.493244587,3875953.572549077,37.65660175386763,-122.3733124904718,1006.1420291941613,98.235721637037,36.02499161864281,107.61218228472154
128.99999999999696,-2707378.3482639645,-4270652.302759675,3876062.638971783,37.65784271296495,-122.37263781459356,1006.1549485465512,92.281466370888,42.45215005276704,110.50635630054337
129.9999999999969,-2707289.381617499,-4270606.515391186,3876174.490669497,37.65911540167209,-122.37206417878132,1006.1656878292561,85.5887246054799,49.09052102845318,113.11774764411811
130.99999999999685,-2707207.292364955,-4270554.190519533,3876288.714190836,37.66041512543,-122.3715960060905,1006.1730067376047,78.53140165722226,55.52251387734841,115.24836296873798
131.9999999999968,-2707132.430645375,-4270495.548314581,3876404.8241311484,37.66173636855372,-122.37123531682619,1006.1759586241096,71.13865394099982,61.72068543861033,116.88924082217646
132.99999999999673,-2707064.2998013333,-4270431.786792268,3876522.3906562077,37.663071960961666,-122.37097009448705,1006.5024248640984,68.85506474809534,61.3688822143985,118.40938401124583
133.99999999999667,-2706990.8523084857,-4270377.210488412,3876641.12319793,37.66438883303139,-122.3705982487012,1011.4327540304512,77.73624052803713,48.235669961373,118.62524652052376
134.99999999999662,-2706909.310700869,-4270334.570959489,3876758.9927276573,37.66566790493206,-122.37007649716946,1020.3896395415068,85.15577339332626,37.332437046729616,116.8717850506215
135.99999999999656,-2706820.8579990463,-4270302.07997425,3876874.485231376,37.6669032039766,-122.36942700724963,1031.7537021404132,91.61680017108088,27.827032527378535,113.96218007384304
136.9999999999965,-2706726.3097945545,-4270278.634196165,3876986.665826929,37.6680907869345,-122.36866427576946,1044.5616056472063,97.3757833408482,19.17123208204462,110.29301706226954
137.99999999999645,-2706626.298384142,-4270263.568283731,3877094.8852525433,37.66922725170665,-122.36779838890483,1058.2396869985387,102.55655618486938,11.024356536381609,106.06280348142268
138.9999999999964,-2706521.3711360525,-4270256.483776236,3877198.6392687126,37.670309240103464,-122.36683700165254,1072.4453316451982,107.21253237363428,3.183488413843729,101.37447580289458
139.99999999999633,-2706412.042443189,-4270257.137793882,3877297.500775451,37.671333317997274,-122.36578651030226,1086.9730984065682,111.36024491457862,-4.466239742619601,96.28497720400814
140.99999999999628,-2706298.820595365,-4270265.372504701,3877391.0874924837,37.67229599353753,-122.36465273756554,1101.699200549163,114.9975490399993,-11.984314134500046,90.82980191816168
141.99999999999622,-2706182.2209807103,-4270281.070926745,3877479.047349706,37.67319377955269,-122.36344132709091,1116.5486222384498,118.11359412898912,-19.39563596355551,85.03527671346826
142.99999999999616,-2706062.7717749,-4270304.129383302,3877561.052730337,37.67402326381893,-122.36215796503616,1131.4755949759856,120.69431898697457,-26.70360088528858,78.92467055096161
143.9999999999961,-2705941.015488513,-4270334.440414024,3877636.799072062,37.67478117401125,-122.360808498547,1146.4519726410508,122.7254797223285,-33.89830548616242,72.52114639532411
144.99999999999605,-2705817.508239054,-4270371.882254099,3877706.0055187936,37.67546443345127,-122.35939899259138,1161.4602868873626,124.19430412400631,-40.9617139723146,65.84908858684689
145.999999999996,-2705692.817789727,-4270416.312462214,3877768.4164382224,37.676070207375105,-122.35793574980161,1176.4895830238238,125.0903770458131,-47.87093682744987,58.93459977511436
146.99999999999594,-2705567.5209390884,-4270467.564195146,3877823.8032040265,37.67659594069475,-122.35642530802825,1191.5329122170806,125.40609432560336,-54.600336939720115,51.80558174098682
147.99999999999588,-2705442.2005893337,-4270525.44419515,3877871.9659462012,37.67703938851227,-122.35487442441035,1206.5858133658767,125.13687470521893,-61.122905667784394,44.491615953859316
148.99999999999582,-2705317.442676941,-4270589.731907595,3877912.735130996,37.67739864056507,-122.35329005125607,1221.6453883079812,124.28123615414137,-67.4111821583677,37.02375503174044
149.99999999999577,-2705193.8327437146,-4270660.178200239,3877945.9744198346,37.6776721576975,-122.35167931088196,1236.709740257822,122.84491732087287,-73.4234756978712,29.453022294776396
150.9999999999957,-2705071.8958232193,-4270736.3508945685,3877971.791952561,37.677861173816204,-122.3500498567186,1251.7783749448135,120.97187380502767,-78.79915513861523,22.277071499034466
151.99999999999565,-2704951.9864350553,-4270817.552377476,3877990.706522225,37.677971587945166,-122.34840931926824,1266.852095474489,118.80454711385869,-83.50315493020891,15.632876056130037
152.9999999999956,-2704834.359659297,-4270903.171645617,3878003.2101244074,37.67800899848825,-122.34676385124773,1281.9311103541404,116.4168551594383,-87.65120860489297,9.444068055696977
153.99999999999554,-2704719.208485148,-4270992.698507489,3878009.726802296,37.67797823364312,-122.34511839905832,1297.0151956044137,113.86056130644698,-91.33106544090066,3.6500625392503987
154.99999999999548,-2704606.682142172,-4271085.700380406,3878010.625714011,37.67788349842638,-122.34347701904728,1312.1039335485548,111.17231109056254,-94.611309502736,-1.7989590675179674
155.99999999999542,-2704496.898917648,-4271181.80604617,3878006.230223931,37.67772847724555,-122.3418430987755,1327.1968380399048,108.3778962931839,-97.54679546117218,-6.9451751376844655
156.99999999999537,-2704389.9555688812,-4271280.693805952,3877996.8244401114,37.677516407843974,-122.34021951900299,1342.2934174705297,105.49493761064463,-100.18217975466459,-11.825201115966792
157.9999999999953,-2704285.934573823,-4271382.082549921,3877982.6580063044,37.6772501356216,-122.33860877729964,1357.393203903921,102.53459787306369,-102.55430946658593,-16.471555093571542
158.99999999999525,-2704184.910008402,-4271485.7248287555,3877963.949626495,37.676932153660665,-122.33701308636488,1372.4957641121,99.50265491044043,-104.69388852904764,-20.913757853836287
159.9999999999952,-2704086.9525927673,-4271591.40133609,3877940.889606696,37.67656463163614,-122.33543445583172,1387.600701105781,96.40011166230612,-106.62666371393163,-25.179218055186038
160.99999999999514,-2703992.1343197566,-4271698.916399903,3877913.6415749746,37.67614943541046,-122.33387476395005,1402.7076508020982,93.22343024786761,-108.3742746450113,-29.294005014329734
161.99999999999508,-2703900.496978219,-4271808.061971717,3877882.3331682775,37.67568832082897,-122.33233567446631,1417.7731835609302,90.13256863374828,-109.8060000933355,-33.33240860395691
162.99999999999503,-2703811.6719077486,-4271918.290796078,3877846.9330646507,37.67518469694135,-122.33081697623771,1432.2561140637845,87.58902244343109,-110.5630139077355,-37.4889377526219
163.99999999999497,-2703725.2251088805,-4272029.057927971,3877807.316132183,37.67464148535273,-122.32931781757455,1445.5318119861186,85.32795020515316,-110.9271032609968,-41.76234396469306
164.9999999999949,-2703641.0073621776,-4272140.085523071,3877763.3757145805,37.67405965813404,-122.32783845434042,1457.2861232310534,83.09436958590932,-111.11061650893436,-46.13363342406514
165.99999999999486,-2703559.093430139,-4272251.26103901,3877715.0182523946,37.67343885221904,-122.32638028515791,1467.4182625599205,80.69137192114037,-111.23792394586349,-50.59684915480556
166.9999999999948,-2703479.7358609783,-4272362.565009701,3877662.147221305,37.672777727036234,-122.32494584700972,1475.9631349574775,77.95637757593133,-111.37447690069979,-55.16457507217041
167.99999999999474,-2703403.3428378804,-4272474.021579623,3877604.642415563,37.67207411225437,-122.32353890303035,1483.0362115660682,74.73634443899418,-111.54418576539169,-59.87246915875145
168.99999999999469,-2703330.4830890833,-4272585.66216443,3877542.333501379,37.671324973933615,-122.32216470979519,1488.7951359823346,70.85730454413027,-111.73853887156038,-64.78685054881929
169.99999999999463,-2703261.9282859387,-4272697.494080167,3877474.962435256,37.67052616782699,-122.32083061342136,1493.4137140158564,66.07709545312393,-111.91696599714534,-70.02052200269782
170.99999999999457,-2703198.761614474,-4272809.462697476,3877402.1219650717,37.66967185753597,-122.3195473185289,1497.0649599255994,59.999166725826015,-111.99114798251347,-75.76272771821432
171.99999999999451,-2703142.235873483,-4272921.383067306,3877323.413207909,37.668756373874416,-122.31832794340353,1499.9116006977856,52.9807163042081,-111.79353109893043,-81.60270534935128
172.99999999999446,-2703092.936737987,-4273032.932212078,3877239.027111534,37.66778085898486,-122.31718005342474,1502.1021480569616,45.55383484213128,-111.24325823554155,-87.11133327946152
173.9999999999944,-2703050.893845961,-4273143.5907572005,3877149.277305133,37.66674987973696,-122.31610707818756,1503.4933858579025,38.41990269736659,-110.04584785250992,-92.32836294115504
174.99999999999434,-2703016.2824171716,-4273252.950780731,3877054.5073256656,37.665667269303704,-122.31511316547501,1504.0965231871232,30.78599419329863,-108.63938424588535,-97.10779098568797
175.9999999999943,-2702989.1765830107,-4273360.828091218,3876955.3409997867,37.66453811613521,-122.31420013911345,1504.200923115015,23.51195333655381,-107.09893757964093,-101.0924019499321
176.99999999999423,-2702969.08407825,-4273467.122733429,3876852.564613156,37.663369941752826,-122.31336388827907,1504.0118802711368,16.75775913548343,-105.47940096467076,-104.35204636131391
177.99999999999417,-2702955.492088036,-4273571.77058108,3876746.8346660268,37.662169235883475,-122.31259988814521,1503.6706462064758,10.507444388362728,-103.80974779978872,-107.01937974117007
178.99999999999412,-2702947.9086731332,-4273674.733787694,3876638.6872443776,37.660941445799644,-122.31190365452716,1503.2713005300611,4.735985644923173,-102.11370885132087,-109.20324770117875
179.99999999999406,-2702945.8697523824,-4273775.995952891,3876528.559872006,37.65969113407651,-122.31127084010116,1502.873827336356,-0.5867575744856478,-100.41057047074388,-110.9925247199494
180.999999999994,-2702948.9427315355,-4273875.5580322845,3876416.8097536503,37.658422117031705,-122.31069729398412,1502.5140640512109,-5.4932326008020915,-98.7158664280309,-112.45949589975972
181.99999999999395,-2702956.7277831356,-4273973.434891285,3876303.7288601315,37.65713758456787,-122.31017909490254,1502.2111568246037,-10.016267150288586,-97.04197554093919,-113.66279285712639
182.9999999999939,-2702968.8575500413,-4274069.652413282,3876189.556294219,37.655840202687244,-122.30971256589514,1501.973057697527,-14.187810245511397,-95.39863436004327,-114.64990013237053
183.99999999999383,-2702984.995847388,-4274164.245081848,3876074.48835307,37.65453220032422,-122.30929427654321,1501.8005072353408,-18.03816172806304,-93.79337417553495,-115.45926143309468
184.99999999999378,-2703004.8357778927,-4274257.253966035,3875958.6866682577,37.65321544232099,-122.3089210371341,1501.6898636287078,-21.595548880277267,-92.2318917243414,-116.12202533163608
185.99999999999372,-2703028.097550921,-4274348.725046983,3875842.2847616947,37.651891490390604,-122.30858988791509,1501.635066619143,-24.885941898880862,-90.71836263930781,-116.66347537553038
186.99999999999366,-2703054.5262018833,-4274438.707832866,3875725.3933100393,37.650561653821526,-122.30829808564255,1501.6289628231898,-27.933027697435076,-89.25570595624858,-117.10419046914868
187.9999999999936,-2703083.889339454,-4274527.254216972,3875608.1043652254,37.649227031524504,-122.3080430889222,1501.6641675224528,-30.758283669589026,-87.84580706293617,-117.46097914527414
188.99999999999355,-2703115.9749987447,-4274614.417540655,3875490.4947370784,37.647888546838345,-122.30782254332125,1501.7335962718353,-33.381110160258885,-86.48970548544625,-117.74762725044337
189.9999999999935,-2703150.589644028,-4274700.251828796,3875372.628706898,37.646546976321254,-122.30763426686681,1501.8307663407177,-35.81899326207806,-85.18775296177583,-117.97549361476547
190.99999999999343,-2703187.5563412043,-4274784.811170429,3875254.560208875,37.64520297357151,-122.30747623628976,1501.9499418819323,-38.087679006763246,-83.93974639970864,-118.15398315298862
191.99999999999338,-2703226.7131048758,-4274868.14922139,3875136.3345892513,37.6438570889546,-122.30734657420143,1502.086176585406,-40.201346816737015,-82.74503957862444,-118.2909219673018
192.99999999999332,-2703267.9114152817,-4274950.318809419,3875017.990030785,37.64250978596654,-122.30724353727615,1502.2352922279388,-42.17277486117459,-81.60263683109163,-118.39285462427543
193.99999999999326,-2703311.01489474,-4275031.371625095,3874899.558711892,37.64116145483567,-122.30716550544163,1502.3938200073317,-44.01349324800924,-80.51127142416092,-118.4652799495463
194.9999999999932,-2703355.8981303517,-4275111.357984436,3874781.06775514,37.639812423857975,-122.30711097203599,1502.5589230032638,-45.733923181119906,-79.46947093282655,-118.5128384430249
195.99999999999315,-2703402.445628618,-4275190.326651226,3874662.5400080807,37.63846296887031,-122.30707853486673,1502.7283119698986,-47.34350163613322,-78.47561154915498,-118.53946172451067
196.9999999999931,-2703450.5508876476,-4275268.324708803,3874543.9946901165,37.637113321191684,-122.30706688809641,1502.9001621147618,-48.850791984147584,-77.52796297926815,-118.548492223853
197.99999999999304,-2703500.1155733382,-4275345.397472637,3874425.4479317917,37.63576367430145,-122.30707481487713,1503.0730354571715,-50.26358149963673,-76.62472534270147,-118.54277955457397
198.99999999999298,-2703551.0487870034,-4275421.588436319,3874306.913227232,37.634414189473276,-122.30710118065906,1503.2458111364394,-51.58896694020973,-75.76405928601844,-118.52475859747435
199.99999999999292,-2703603.266413141,-4275496.939244707,3874188.401815977,37.633065000543134,-122.30714492710206,1503.4176247091964,-52.83342947672407,-74.94411035228818,-118.49651320247537
200.99999999999287,-2703656.690537349,-4275571.4896889655,3874069.9230069905,37.63171621795667,-122.30720506652682,1503.587816410698,-54.002900239621944,-74.16302850229414,-118.45982854007677
201.9999999999928,-2703711.248925584,-4275645.27771901,3873951.484455011,37.63036793221488,-122.3072806768484,1503.7558879293501,-55.102817675312714,-73.41898355699122,-118.41623445057607
202.99999999999275,-2703766.8745571547,-4275718.339469629,3873833.0923972623,37.62902021681527,-122.30737089694185,1503.921466840431,-56.13817780295539,-72.71017722217603,-118.36704160878327
203.9999999999927,-2703823.505204827,-4275790.709297193,3873714.751856997,37.62767313076861,-122.30747492239502,1504.0842778002843,-57.11357834514758,-72.034852260405,-118.31337191341922
204.99999999999264,-2703881.0830563614,-4275862.41982427,3873596.466819068,37.62632672075727,-122.30759200161073,1504.2441194839776,-58.03325758746439,-71.39129929153431,-118.25618419662631
205.99999999999258,-2703939.554372584,-4275933.501990064,3873478.2403817615,37.62498102298972,-122.30772143222366,1504.4008463714272,-58.90112871035561,-70.77786163138117,-118.19629610678479
206.99999999999253,-2703998.8691778025,-4276003.985104839,3873360.0748883868,37.62363606479679,-122.30786255780308,1504.5543545149267,-59.720810233533534,-70.19293851378035,-118.13440283400212
207.99999999999247,-2704058.9809789555,-4276073.8969068825,3873241.9720414807,37.622291866007686,-122.30801476481572,1504.7045705523342,-60.49565312097232,-69.63498698507047,-118.07109320695815
208.9999999999924,-2704119.8465103884,-4276143.263620808,3873123.933002062,37.620948440137525,-122.308177479826,1504.8514433447272,-61.228765016479194,-69.10252271401633,-118.00686357945264
209.99999999999235,-2704181.4255016106,-4276212.1100162035,3873005.958475955,37.61960579541355,-122.30835016691445,1504.9949376396835,-61.92303200933853,-68.59411991570175,-117.94212984425786
210.9999999999923,-2704243.6804657197,-4276280.459465835,3872888.048788916,37.61826393566265,-122.30853232529705,1505.13502936624,-62.58113827344093,-68.10841055368603,-117.87723784552021
211.99999999999224,-2704306.576506531,-4276348.334002746,3872770.2039520657,37.616922861079814,-122.30872348713038,1505.2717021806166,-63.205583873978526,-67.64408295183897,-117.81247241222019
212.99999999999218,-2704370.0811427045,-4276415.754375714,3872652.423718889,37.6155825688941,-122.3089232154897,1505.4049449497834,-63.79870099657938,-67.19987992042589,-117.74806519533121
213.99999999999213,-2704434.1641474054,-4276482.740102634,3872534.7076349384,37.61424305394649,-122.30913110250846,1505.5347499800846,-64.36266882163392,-66.77459647628606,-117.68420146037863
214.99999999999207,-2704498.7974022455,-4276549.309521433,3872417.05508121,37.612904309192,-122.30934676766975,1505.661111753434,-64.89952724187647,-66.36707721612788,-117.62102596106072
215.999999999992,-2704563.9547644397,-4276615.479838208,3872299.4653120576,37.611566326136966,-122.30956985624091,1505.784026070498,-65.41118960112144,-65.97621338037018,-117.55864800036248
216.99999999999196,-2704629.6119462783,-4276681.267172288,3872181.9374884255,37.61022909522097,-122.30980003784526,1505.903489488177,-65.89945462091744,-65.60093962838987,-117.49714576559136
217.9999999999919,-2704695.746406192,-4276746.686597906,3872064.4707070654,37.6088926061517,-122.31003700516489,1506.0194989508018,-66.36601767247245,-65.24023052500785,-117.43657001071037
218.99999999999184,-2704762.3372508194,-4276811.752182235,3871947.0640263823,37.60755684820044,-122.31028047277142,1506.132051564753,-66.81248155147958,-64.8930967200887,-117.37694714349121
219.9999999999918,-2704829.3651476763,-4276876.477019417,3871829.7164894687,37.60622181046485,-122.31053017608231,1506.2411444820464,-67.24036691762211,-64.55858078025138,-117.31828176288612
220.99999999999173,-2704896.812248163,-4276940.873260219,3871712.4271448576,37.60488748210546,-122.31078587044263,1506.346774824895,-67.65112257472248,-64.2357526076492,-117.26055867710635
221.99999999999167,-2704964.662120855,-4277004.952136879,3871595.195065518,37.603553852561696,-122.31104733033466,1506.448939674534,-68.04613578901187,-63.92370434697361,-117.20374442066824
222.99999999999162,-2705032.899695228,-4277068.7239825325,3871478.0193665773,37.60222091175333,-122.31131434872012,1506.547636076808,-68.42674288017481,-63.62154464364426,-117.1477882704573
223.99999999999156,-2705101.511216228,-4277132.198244502,3871360.8992222855,37.60088865027322,-122.3115867365233,1506.6428610524163,-68.79424037294288,-63.32839206033735,-117.09262274259652
224.9999999999915,-2705170.484210422,-4277195.3834904805,3871243.8338827603,37.599557059577386,-122.31186432226816,1506.734611636959,-69.14989707599864,-63.04336738539101,-117.03816352687481
225.99999999999145,-2705239.8074648837,-4277258.2874062965,3871126.822691108,37.598226132179526,-122.31214695188838,1506.8228848809376,-69.49496757158578,-62.76558446185036,-116.98430878226763
226.9999999999914,-2705309.4710205453,-4277320.916783591,3871009.865101619,37.59689586185746,-122.31243448873653,1506.9076779130846,-69.83070776975183,-62.49413901481152,-116.93093767200135
227.99999999999133,-2705379.466182495,-4277383.277494995,3870892.9606998786,37.59556624388157,-122.31272681383155,1506.9889879226685,-70.15839343768948,-62.22809473214661,-116.87790795086718
228.99999999999127,-2705449.7855508155,-4277445.374453596,3870776.1092258845,37.59423727527731,-122.31302382639721,1507.0668122088537,-70.47934300373623,-61.96646551946621,-116.82505231954727
229.99999999999122,-2705520.4230771307,-4277507.211552099,3870659.310601594,37.59290895513807,-122.31332544476996,1507.1411481993273,-70.79494653840872,-61.70819233140037,-116.77217311254914
230.99999999999116,-2705591.3741543554,-4277568.791575153,3870542.564964885,37.591581285010896,-122.31363160778616,1507.2119934577495,-71.10670377381702,-61.45211216170368,-116.71903465020138
231.9999999999911,-2705662.6357507487,-4277630.116075243,3870425.872712753,37.590254269387216,-122.31394227681399,1507.2793457210064,-71.41627558814,-61.196915434389254,-116.6653522022423
232.99999999999105,-2705734.2066049865,-4277691.185197797,3870309.2345579076,37.58892791634561,-122.31425743867588,1507.3432029299438,-71.72555602479295,-60.94108577904528,-116.6107758619886
233.999999999991,-2705806.087508129,-4277751.997433319,3870192.651605161,37.58760223841964,-122.31457710984354,1507.4035632703453,-72.03677654369527,-60.68281221274102,-116.55486649358473
234.99999999999093,-2705878.28171387,-4277812.549261164,3870076.1254577595,37.58627725380556,-122.31490134251565,1507.460425249301,-72.3526626681617,-60.41985649910223,-116.49705882976203
235.99999999999088,-2705950.7955458476,-4277872.834626082,3869959.6583705326,37.584952988101854,-122.31523023359163,1507.5137878218666,-72.67667949622754,-60.14934448065207,-116.43660276266799
236.99999999999082,-2706023.6393219177,-4277932.844144945,3869843.2534793224,37.58362947691498,-122.31556393830942,1507.5636505987495,-73.01343592748103,-59.86742152896275,-116.3724655747647
237.99999999999076,-2706096.8288169866,-4277992.563853809,3869726.9151613563,37.582306769952076,-122.31590269181468,1507.6100142309442,-73.36939111949201,-59.56864895138234,-116.30315945032935
238.9999999999907,-2706170.3877052106,-4278051.973117202,3869610.649635898,37.580984937841826,-122.31624684516528,1507.6528811529279,-73.75418518773687,-59.24486454998739,-116.2264137266813
239.99999999999065,-2706244.3519462063,-4278111.040870724,3869494.4660460814,37.57966408441823,-122.31659693001157,1507.6922571351752,-74.18340446287027,-58.882809441395274,-116.13848767076416
240.9999999999906,-2706318.7785184076,-4278169.718127539,3869378.378627237,37.57834437133767,-122.31695378745688,1507.728154935874,-74.68516699403516,-58.45846164057202,-116.03251704069714
241.99999999999054,-2706393.5690478073,-4278227.180528592,3869261.9108925853,37.57702651272731,-122.31732146414495,1506.8761876923963,-74.6896428264631,-54.97440739893843,-117.79313399690349
242.99999999999048,-2706468.9975245963,-4278278.954284858,3869142.96743002,37.57571551193692,-122.31772964947761,1500.9781922362745,-76.62500767592226,-48.582299210294025,-119.77762600749338
243.99999999999042,-2706547.5186910755,-4278324.341385622,3869022.893213587,37.57441699910984,-122.3182060440011,1491.4269348494709,-80.66728107127267,-42.180251954026744,-120.14531520377516
244.99999999999037,-2706630.695516087,-4278363.27774318,3868903.0771220885,37.57313659471184,-122.3187659818069,1479.6886993972585,-85.80584630810166,-35.66892208954406,-119.31183903102205
245.9999999999903,-2706719.2841084125,-4278395.626801633,3868784.5882804547,37.5718803428994,-122.31941751769577,1466.6443630028516,-91.40979351437409,-29.00169670519025,-117.52280275220899
246.99999999999025,-2706813.539084369,-4278421.226370366,3868668.2960427967,37.57065445357427,-122.32016406509345,1452.8233083793893,-97.08856801921965,-22.17102368558609,-114.94085422844611
247.9999999999902,-2706913.4052230627,-4278439.919351542,3868554.9323302926,37.56946504178757,-122.32100604357633,1438.543220787309,-102.60123584732744,-15.19231854342999,-111.68210725397799
248.99999999999014,-2707018.644165549,-4278451.571488305,3868445.1203768537,37.56831787842622,-122.32194198350798,1423.9931892864406,-107.82290076179926,-8.094955312123785,-107.85728407942754
249.99999999999008,-2707128.930218017,-4278456.079611601,3868339.3794248817,37.56721810408094,-122.32296939254252,1409.2826935285702,-112.68276094867318,-0.908771823845105,-103.54756853636808
250.0,-2707128.930218017,-4278456.079611601,3868339.3794248817,37.56721810408094,-122.32296939254252,1409.2826935285702,-112.68276094867318,-0.908771823845105,-103.54756853636808
